45026,https://www.coverbrowser.com/image/miscellaneous-cds/91872-3.jpg,/images/1872.jpg
45027,https://www.coverbrowser.com/image/miscellaneous-cds/91872-3.jpg,/images/1872.jpg
45028,https://www.coverbrowser.com/image/miscellaneous-cds/91872-3.jpg,/images/1872.jpg
45029,https://www.coverbrowser.com/image/miscellaneous-cds/91872-3.jpg,/images/1872.jpg
44141,https://www.coverbrowser.com/image/miscellaneous-cds/25411-7.jpg,/images/411.jpg
44142,https://www.coverbrowser.com/image/miscellaneous-cds/25411-7.jpg,/images/411.jpg
15,https://www.coverbrowser.com/image/amazing-spider-man/52-2.jpg,/images/52.jpg
16,https://www.coverbrowser.com/image/amazing-spider-man/52-2.jpg,/images/52.jpg
17,https://www.coverbrowser.com/image/amazing-spider-man/52-2.jpg,/images/52.jpg
18,https://www.coverbrowser.com/image/amazing-spider-man/52-2.jpg,/images/52.jpg
19,https://www.coverbrowser.com/image/amazing-spider-man/52-2.jpg,/images/52.jpg
20,https://www.coverbrowser.com/image/amazing-spider-man/52-2.jpg,/images/52.jpg
21,https://www.coverbrowser.com/image/amazing-spider-man/52-2.jpg,/images/52.jpg
22,https://www.coverbrowser.com/image/amazing-spider-man/52-2.jpg,/images/52.jpg
23,https://www.coverbrowser.com/image/amazing-spider-man/52-2.jpg,/images/52.jpg
24,https://www.coverbrowser.com/image/amazing-spider-man/52-2.jpg,/images/52.jpg
25,https://www.coverbrowser.com/image/amazing-spider-man/52-2.jpg,/images/52.jpg
26,https://www.coverbrowser.com/image/amazing-spider-man/52-2.jpg,/images/52.jpg
27,https://www.coverbrowser.com/image/amazing-spider-man/52-2.jpg,/images/52.jpg
28,https://www.coverbrowser.com/image/amazing-spider-man/52-2.jpg,/images/52.jpg
29,https://www.coverbrowser.com/image/amazing-spider-man/52-2.jpg,/images/52.jpg
30,https://www.coverbrowser.com/image/amazing-spider-man/52-2.jpg,/images/52.jpg
31,https://www.coverbrowser.com/image/amazing-spider-man/52-2.jpg,/images/52.jpg
32,https://www.coverbrowser.com/image/amazing-spider-man/52-2.jpg,/images/52.jpg
33,https://www.coverbrowser.com/image/amazing-spider-man/52-2.jpg,/images/52.jpg
34,https://www.coverbrowser.com/image/amazing-spider-man/52-2.jpg,/images/52.jpg
35,https://www.coverbrowser.com/image/amazing-spider-man/52-2.jpg,/images/52.jpg
36,https://www.coverbrowser.com/image/amazing-spider-man/52-2.jpg,/images/52.jpg
37,https://www.coverbrowser.com/image/amazing-spider-man/52-2.jpg,/images/52.jpg
38,https://www.coverbrowser.com/image/amazing-spider-man/52-2.jpg,/images/52.jpg
39,https://www.coverbrowser.com/image/amazing-spider-man/52-2.jpg,/images/52.jpg
40,https://www.coverbrowser.com/image/amazing-spider-man/52-2.jpg,/images/52.jpg
41,https://www.coverbrowser.com/image/amazing-spider-man/52-2.jpg,/images/52.jpg
42,https://www.coverbrowser.com/image/amazing-spider-man/52-2.jpg,/images/52.jpg
43,https://www.coverbrowser.com/image/amazing-spider-man/52-2.jpg,/images/52.jpg
44,https://www.coverbrowser.com/image/amazing-spider-man/52-2.jpg,/images/52.jpg
45,https://www.coverbrowser.com/image/amazing-spider-man/52-2.jpg,/images/52.jpg
46,https://www.coverbrowser.com/image/amazing-spider-man/52-2.jpg,/images/52.jpg
47,https://www.coverbrowser.com/image/amazing-spider-man/52-2.jpg,/images/52.jpg
48,https://www.coverbrowser.com/image/amazing-spider-man/52-2.jpg,/images/52.jpg
49,https://www.coverbrowser.com/image/amazing-spider-man/52-2.jpg,/images/52.jpg
50,https://www.coverbrowser.com/image/amazing-spider-man/52-2.jpg,/images/52.jpg
51,https://www.coverbrowser.com/image/amazing-spider-man/52-2.jpg,/images/52.jpg
52,https://www.coverbrowser.com/image/amazing-spider-man/52-2.jpg,/images/52.jpg
53,https://www.coverbrowser.com/image/amazing-spider-man/52-2.jpg,/images/52.jpg
54,https://www.coverbrowser.com/image/amazing-spider-man/52-2.jpg,/images/52.jpg
55,https://www.coverbrowser.com/image/amazing-spider-man/52-2.jpg,/images/52.jpg
56,https://www.coverbrowser.com/image/amazing-spider-man/52-2.jpg,/images/52.jpg
57,https://www.coverbrowser.com/image/amazing-spider-man/52-2.jpg,/images/52.jpg
58,https://www.coverbrowser.com/image/amazing-spider-man/52-2.jpg,/images/52.jpg
59,https://www.coverbrowser.com/image/amazing-spider-man/52-2.jpg,/images/52.jpg
60,https://www.coverbrowser.com/image/amazing-spider-man/52-2.jpg,/images/52.jpg
61,https://www.coverbrowser.com/image/amazing-spider-man/52-2.jpg,/images/52.jpg
62,https://www.coverbrowser.com/image/amazing-spider-man/52-2.jpg,/images/52.jpg
63,https://www.coverbrowser.com/image/amazing-spider-man/52-2.jpg,/images/52.jpg
64,https://www.coverbrowser.com/image/amazing-spider-man/52-2.jpg,/images/52.jpg
65,https://www.coverbrowser.com/image/amazing-spider-man/52-2.jpg,/images/52.jpg
66,https://www.coverbrowser.com/image/amazing-spider-man/52-2.jpg,/images/52.jpg
43398,https://www.coverbrowser.com/image/adam-legend-of-the-blue-marvel/1-9.jpg,/images/Adam:+Legend+of+the+Blue+Marvel.jpg
43399,https://www.coverbrowser.com/image/adam-legend-of-the-blue-marvel/1-9.jpg,/images/Adam:+Legend+of+the+Blue+Marvel.jpg
43400,https://www.coverbrowser.com/image/adam-legend-of-the-blue-marvel/1-9.jpg,/images/Adam:+Legend+of+the+Blue+Marvel.jpg
43401,https://www.coverbrowser.com/image/adam-legend-of-the-blue-marvel/1-9.jpg,/images/Adam:+Legend+of+the+Blue+Marvel.jpg
43402,https://www.coverbrowser.com/image/adam-legend-of-the-blue-marvel/1-9.jpg,/images/Adam:+Legend+of+the+Blue+Marvel.jpg
43896,https://www.coverbrowser.com/image/misc-games/6924-1.jpg,/images/Age+of+Heroes.jpg
43897,https://www.coverbrowser.com/image/misc-games/6924-1.jpg,/images/Age+of+Heroes.jpg
43898,https://www.coverbrowser.com/image/misc-games/6924-1.jpg,/images/Age+of+Heroes.jpg
43899,https://www.coverbrowser.com/image/misc-games/6924-1.jpg,/images/Age+of+Heroes.jpg
37257,https://www.coverbrowser.com/image/agent-x9-1997/9-2.jpg,/images/Agent+X.jpg
37258,https://www.coverbrowser.com/image/agent-x9-1997/9-2.jpg,/images/Agent+X.jpg
37259,https://www.coverbrowser.com/image/agent-x9-1997/9-2.jpg,/images/Agent+X.jpg
37260,https://www.coverbrowser.com/image/agent-x9-1997/9-2.jpg,/images/Agent+X.jpg
37261,https://www.coverbrowser.com/image/agent-x9-1997/9-2.jpg,/images/Agent+X.jpg
37262,https://www.coverbrowser.com/image/agent-x9-1997/9-2.jpg,/images/Agent+X.jpg
37263,https://www.coverbrowser.com/image/agent-x9-1997/9-2.jpg,/images/Agent+X.jpg
37264,https://www.coverbrowser.com/image/agent-x9-1997/9-2.jpg,/images/Agent+X.jpg
37265,https://www.coverbrowser.com/image/agent-x9-1997/9-2.jpg,/images/Agent+X.jpg
37266,https://www.coverbrowser.com/image/agent-x9-1997/9-2.jpg,/images/Agent+X.jpg
37267,https://www.coverbrowser.com/image/agent-x9-1997/9-2.jpg,/images/Agent+X.jpg
37268,https://www.coverbrowser.com/image/agent-x9-1997/9-2.jpg,/images/Agent+X.jpg
37269,https://www.coverbrowser.com/image/agent-x9-1997/9-2.jpg,/images/Agent+X.jpg
